"Post ID","Page ID","Page name",Title,Description,"Duration (sec)","Publish time","Caption type",Permalink,"Is crosspost","Is share","Post type",Languages,"Custom labels","Funded content status","Data comment",Date,Views,Reach,"Reactions, Comments and Shares",Reactions,Comments,Shares,"Total clicks","Matched Audience Targeting Consumption (Photo Click)","Other Clicks","Link Clicks","Seconds viewed","Average Seconds viewed","Estimated earnings (USD)","Ad CPM (USD)","Ad impressions"
1307940001205867,100059696381710,avilonROBOTICS,"นิยามใหม่ของคลังสินค้าอัจฉริยะ: Avilon Robotics โชว์บินโดรนอัตโนมัติ 100% ณ TTK Logistics Center

TTK Logistics ผู้เชี่ยวชาญด้าน Supply Chain ให้กับยักษ์ใหญ่อย่าง Toyota ได้จัดงาน Exclusive Showcase ภายใน ""Warehouse and Package Solution Exhibition"" โดย Avilon Robotics เป็นหนึ่งใน Tech Partner ของ TTK, ในงานนี้ เป็นการแสดงนวัตกรรมใหม่สำหรับงาน Logistics ให้กับเหล่สพันธมิตรในเครือของ TTK ได้เห็นของจริง

โชว์ศักยภาพบนพื้นที่ใช้งานจริง
นอกจากการมตั้งบูธ เรายังได้รับโอกาสทำ Live Demonstration บินนับสต๊อกบน Selective Rack จริงภายใน TTK Logistics Center โดยโชว์เน้นใน 2 ส่วนหัวใจหลักๆ ของ Avilon Warehouse Drone

• Pilotless Operations — โดรนบินอัตโนมัติ 100% ทำงานถ่ายภาพบนชั้นในที่สูงเอง ไม่ต้องมีคนบังคับ
• WMS Integration & Label Matching — นำภาพถ่ายที่ได้มาประมวลผล ทำการ Matching Label และอัพเดตขึ้นบน WMS ทันที เพื่อตรวจสอบความถูกต้องของสินค้าเทียบกับฐานข้อมูลได้อย่างรวดเร็ว

Partner to Partner
โอกาสนี้ทำให้เทคโนโลยีฝีมือคนไทยได้พิสูจน์ตัวเองในสนามจริงระดับอุตสาหกรรม ขอบคุณ TTK Logistics สำหรับพื้นที่และความไว้วางใจในการร่วมขับเคลื่อน Smart Logistics ไปด้วยกันครับ

Photos by : TTK
#AvilonRobotics #TTKLogistics #SmartWarehouse #AutonomousDrone #WMSIntegration #LogisticsInnovation",,0,"03/03/2026 20:57",N/A,https://www.facebook.com/avilonROBOTICS/posts/pfbid027M1FfoTtkZrgxAGuQK6ZHeiUCmg21gzXRhkY16XrPTtN7X7Rp2QcheTgswFx3tHal,0,0,Photos,,,,,Lifetime,472,253,8,8,0,0,71,51,20,,,,,,
1280044067328794,100059696381710,avilonROBOTICS,"Avilon จัดใหญ่ จัดเต็ม
ในงาน Thai Cargo Expo 2026
ณ ไบเทค บางนา ฮอลล์ EH100

พบกับโซลูชันโดรนนับสต๊อกคลังสินค้า โดรนบินภายในอาคาร และโดรนประเภทอื่น ๆ สำหรับ อุตสาหกรรม โลจิสติกส์ และงานรักษาความปลอดภัย

ไฮไลท์ภายในงานคือ Drone Show Zone ของทาง เอวิลอน ลานบินโดรนขนาดใหญ่ พร้อมการจำลองคลังสินค้าขนาดย่อม และการสาธิตบินนับสต๊อกจริงให้ชมภายในงาน

แล้วมาพบกันได้ที่
บูธ D5 ฮอลล์ EH100
ตั้งแต่วันนี้ – 30 มกราคม 2026
เวลา 09.00 – 17.00 น.

สอบถามข้อมูลเพิ่มเติม โทร. 098-948-9743
น้องฟ้าใสยินดีให้บริการค่ะ

#Avilon #ThaiCargoExpo2026 #DroneTechnology #WarehouseDrone #DroneInventory #SmartWarehouse #LogisticsTechnology #IndustrialDrone #DroneShowZone #BITECBangna",,0,"01/28/2026 19:37",N/A,https://www.facebook.com/avilonROBOTICS/posts/pfbid0SVZdSid8w8UoTQgPToh8awBLYHQ63sVoQ5CkhYDFYwfGFXRA3vi7bhXTSB2T1P6wl,0,0,Photos,,,,,Lifetime,3398,1518,103,81,5,17,280,171,109,,,,,,
1235656095100925,100059696381710,avilonROBOTICS,"วันนี้  (28 พ.ย.) ทีมงานเอวิลอนยังคงอยู่ในพื้นที่หาดใหญ่ เพื่อช่วยเหลือผู้ประสบภัย

ในช่วงเช้าทีมงานเอวิลอน เราได้ร่วมทำการแพ็คของที่ได้รับการบริจาคจากทุกท่านในส่วนที่ยังเหลืออยู่ เพื่อนำขึ้นรถ 6 ล้อ และรถกระบะไปบริจาคยังจุดต่าง ๆ ซึ่งสิ่งของที่เราแพ็ควันนี้สามารถทำเป็นถุงยังชีพได้ประมาณพันกว่าชุดเลยค่ะ

โดยในตอนบ่ายทีมงานเอวิลอน ได้นำของบริจาคเข้าไปแจกของตามบ้านแต่ละหลังในพื้นที่เขต 8 ซึ่งซอยนี้น้ำท่วมตั้งแต่วันเสาร์ถึงหลังคาชั้นแรก ตลอด 6 วันไม่มีเรือหรือรถเข้ามาเลย วันนี้น้ำเพิ่งลดวันแรก และทีมเราเป็นทีมแรกที่เข้ามาเลยค่ะ

จากสถานการณ์ปัจจุบันเราคาดว่าพื้นที่หาดใหญ่อาจจะยังต้องใช้เวลาอีกสักพักในการฟื้นฟู ทั้งการขาดน้ำสะอาดในการล้างบ้าน การจัดการกับซากรถที่เสียหาย ซากขยะที่มากับน้ำ ร้านค้าต่าง ๆ ยังคงไม่มีของขาย

ทางทีมเอวิลอนต้องขอขอบคุณ ทั้งทาง วิลล่ามาร์เก็ท (Villa Market) ธนบุรีประกอบรถยนต์ (TAAP) พาร์ทเนอร์ทุกท่าน องค์กร มูลนิธิ และผู้มีส่วนร่วมในการบริจาคสิ่งของครั้งนี้ รวมถึงหน่วยงานราชการ ทั้งทาง CAAT,  บพข., ท่าน ส.ส. ธนยศ, สำนักนายกรัฐมนตรี ที่ช่วยประสานงาน  ทำให้ทางเอวิลอนได้มีโอกาสนำสิ่งของของทุกท่านเข้ามาช่วยเหลือผู้ประสบอุทกภัยที่หาดใหญ่ครั้งนี้ค่ะ 

#น้ำท่วมหาดใหญ่ #น้ำท่วมภาคใต้ #โดรนส่งของ #โดรนขนส่ง #avilonROBOTICS",,0,"11/28/2025 06:58",N/A,https://www.facebook.com/avilonROBOTICS/posts/pfbid0aeszX5eNVHB7X94or5T4BE7mida5scu4ZYKqiaAUnM12x1cmduWvfQNppkoUuDfpl,0,0,Photos,,,,,Lifetime,1728,609,82,72,5,5,215,109,106,,,,,,
1235488988450969,100059696381710,avilonROBOTICS,"เอวิลอน ใช้โดรนส่งของช่วยน้ำท่วมหาดใหญ่","ภาพวีดีโอการใช้โดรนบินส่งอาหารช่วยเหลือสถานการณ์น้ำท่วมหาดใหญ่ของทีมงานเอวิลอน 

จากการทำงานร่วมกับมูลนิธิกระจกเงา ทีมเอวิลอนได้นั่งรถ GMC เข้าไปยังพื้นที่ที่มีน้ำท่วม เพื่อแจกของให้กับประชาชนที่อยู่ตามซอยต่าง ๆ ในช่วงเวลากลางคืน

โดยโดรนได้ช่วยในการขนย้ายและกระจายของไปในพื้นทีที่รถเข้าถึงไม่ได้ ในหลาย ๆ จุด เช่น บริเวณทางรถไฟ หรือในซอยที่มีน้ำท่วมอยู่ ซึ่งมีขยะ เศษโลหะ ซากตึก สังกะสีลอยอยู่ในน้ำ การเดินเท้าเพื่อขนสิ่งของเข้าไปแจกจ่ายสิ่งของทำได้ลำบาก รวมถึงผู้ประสบภัยที่อาศัยอยู่ภายในพื้นที่ต่าง ๆ ก็ลุยน้ำออกมารับของก็ทำได้ยาก

#น้ำท่วมหาดใหญ่ #น้ำท่วมภาคใต้ #โดรนส่งของ #โดรนขนส่ง #avilonROBOTICS",137,"11/28/2025 02:07",N/A,https://www.facebook.com/avilonROBOTICS/videos/24720641800948889/,0,0,Videos,,,,,Lifetime,1074,588,36,30,0,6,31,,31,,6320.134,7.181,0,0,0
1235305581802643,100059696381710,avilonROBOTICS,"ของบริจาคที่ได้รับจากทุกท่าน ได้นำมาแจกจ่ายถึงมือพี่น้องชาวหาดใหญ่แล้วนะคะ
ทีมเอวิลอนขอขอบคุณทุก ๆ ท่านที่มีส่วนร่วมในครั้งนี้ค่ะ
- บริษัท วิลล่ามาร์เก็ท เจพี จำกัด
- บริษัท ธนบุรีประกอบรถยนต์ จำกัด
- แก้วสมุยรีสอร์ท สนับสนุนสิ่งของมา 1 คันรถสิบล้อ
- มูลนิธิพันดารา
- บริษัท เอสล่า จำกัด
- กองบุญ วิมุตติ
- ทีมงานบริษัท PBD Asia Pacific 
- บริษัท เอเวอร์ไพร์ม ดี ซิสเท่ม จำกัด
- ทีมงานพาร์ทเนอร์ คู่ค้า ของบริษัท
- พี่น้องชาวบางแค และผู้ที่อยู่ใกล้เคียงที่นำของมาช่วยกันค่ะ

โดยสิ่งของบริจาคที่ได้รับ มีทั้งที่เราได้นำมาแจกจ่ายถึงมือผู้ประสบภัยชาวหาดใหญ่โดยตรง และที่เราเข้าร่วมปฏิบัติงานกับทางมูลนิธิกระจกเงาเมื่อคืน ในการเข้าพื้นที่ช่วยแจกสิ่งของ โดยได้มีการใช้โดรนในการบินนำส่งสิ่งของในจุดพื้นที่ที่เข้าถึงได้ยาก ซึ่งเป็นที่ยังคงมีน้ำท่วมอยู่ ทำให้รถ GMC เข้าถึงไม่ได้ จึงใช้โดรนในการขนย้ายสิ่งของแทน

ในส่วนของยาและเวชภัณฑ์ที่ได้รับบริจาคมา เราก็นำส่งให้กับทีมแพทย์และพยาบาลของมูลนิธิกระจกเงา เพื่อใช้ในการดูแลผู้ป่วย

วันนี้น้ำที่หาดใหญ่ลดลงเยอะแล้ว ทีมงานของเราพร้อมรถที่มีจะช่วยนำสิ่งของจากจุดต่าง ๆ มากระจายให้ถึงมือผู้ประสบภัยเพิ่มเติมค่ะ

#น้ำท่วมหาดใหญ่ #น้ำท่วมภาคใต้ #โดรนส่งของ  #โดรนขนส่ง #avilonROBOTICS #VillaMarket #TAAP #KaewsamuiResort #AESLA #มูลนิธิพันดารา #VimuttiCharity #PSABDP #EverprimeDSystem",,0,"11/27/2025 20:19",N/A,https://www.facebook.com/avilonROBOTICS/posts/pfbid038JbGcW5v29DXcmRnhUP73mQpuLtgAHDzKxWsxBNGFF19PiGTMTqDBVjBoMvVKxozl,0,0,Photos,,,,,Lifetime,1681,653,59,51,2,6,153,81,72,,,,,,
1234595605206974,100059696381710,avilonROBOTICS,"อัพเดทสถานการณ์ทีมเอวิลอนช่วยน้ำท่วมภาคใต้

เมื่อวานหลังจากที่ทางทีมเอวิลอนชุดแรกลงจากเครื่องบิน C130 ของกองทัพอากาศ ทางทีมได้ทำการสำรวจพื้นที่หน้างาน เพื่อหาตำแหน่งที่จะสามารถตั้งฐานปฏิบัติการได้

เมื่อคืนเราพยายามช่วยส่งข้าวให้จุด รพ.ศิครินทร์ ทั้งการเข้าไปช่วยทีมงานพี่ ๆ อาสาในการแจกของ  และในส่วนที่โดรนช่วยได้ตอนนี้จะเป็นอาคารที่มีดาดฟ้า โดยจะใช้วิธีให้โดรนหย่อนของลงไป

ตอนนี้ทางทีมเอวิลอนอยู่บริเวณพื้นที่เขต  8  ถ้ามีจุดไหนที่ยิงติดน้ำท่วมสูงอยู่ และต้องการความช่วยเหลือติดต่อเข้ามาได้ค่ะ

เบื้องต้นตอนนี้ทีมน่าจะสามารถหย่อนของให้ได้บริเวณตึกที่เป็นพื้นที่ดาดฟ้า ที่คนเข้าถึงได้นะคะ

#น้ำท่วมหาดใหญ่ #น้ำท่วมภาคใต้ #โดรนส่งของ #โดรนขนส่ง",,0,"11/26/2025 20:16",N/A,https://www.facebook.com/avilonROBOTICS/posts/pfbid035FEaNc32BuJkGfL8f3LsL2EHRuFd1Q5Ms35hfq3QHE4TxqXjnFXGFLMNjoWS19Yil,0,0,Photos,,,,,Lifetime,1621,595,53,46,0,7,111,66,45,,,,,,
1233993488600519,100059696381710,avilonROBOTICS,"รถมุ่งหน้าสู่หาดใหญ่ จากความสนับสนุนจากทางธนบุรีประกอบรถยนต์ (TAAP) พร้อมออกเดินทางแล้วค่ะ

ขณะนี้ สิ่งของบริจาคจากพาร์ตเนอร์ของเรา  วิลล่ามาร์เก็ต (Villa Market)  รวมถึงประชาชนทั่วไป — ได้นำทั้งน้ำดื่ม อาหารแห้ง และของจำเป็นต่าง ๆ — ทยอยมาถึงออฟฟิศแล้ว ไม่ว่าจะส่งผ่าน Delivery หรือมาส่งให้ด้วยตนเองที่ออฟฟิศของเรา พวกเราขอบคุณมาก ๆ เลยค่ะ

ทาง Avilon ยังขอเชิญชวนทุกท่าน ร่วมส่งต่อความช่วยเหลือให้พี่น้องที่ประสบภัยน้ำท่วมภาคใต้ ท่านสามารถนำสิ่งของมาบริจาคได้ที่ออฟฟิศของเรา เพื่อใช้ในการจัดส่งต่อ ทั้งด้วยโดรน รวมถึงและช่องทางอื่น ๆ ในพื้นที่ประสบภัย

📞 ติดต่อแหม่มโดยตรงได้ที่ 091-846-0439
🚚 พร้อมรับสายค่ะ

📍 Avilon Robotics - บางแค, หลักสอง
https://maps.app.goo.gl/MoEgyXTCFjaWQNTF6

🕖 รถจะออกราว ๆ 1 ทุ่มนะคะ
หากต้องการส่งของ สามารถนำมาเพื่อให้ไปพร้อมกับคันนี้เลยค่ะ 😊

#น้ำท่วมหาดใหญ่ #โดรนส่งของ #โดรนขนส่ง #avilonrobotics",,0,"11/26/2025 00:38",N/A,https://www.facebook.com/avilonROBOTICS/posts/pfbid05Lb3dkBChg5LAZGqnxocYfAkMgHX8s7rzMijDGN4WzPByTtpw88N8pY8eEts2Pkkl,0,0,Photos,,,,,Lifetime,3094,1582,75,57,0,18,101,67,27,7,,,,,
1233953428604525,100059696381710,avilonROBOTICS,"ทีมปฏิบัติการชุดแรกของเรากำลังอยู่ในระหว่างเดินทางแล้วค่ะ

มีโดรนบรรทุก 3 ระบบ พร้อมเครื่องมือสื่อสาร และโดรนภาพความร้อน 2 ระบบ โดรนถ่ายภาพขนาดเล็ก 2 ระบบ กำลังออกเดินทางสู่หาดใหญ่ ด้วยความช่วยเหลือของกองทัพอากาศ ผ่านการประสานงานของ สส.ธนยศ ทิมสุวรรณ และ คุณสิริพงศ์ อังคสกุลเกียรติ โฆษกประจำสำนักนายกรัฐมนตรี

นอกจากนี้ยังมีรถบรรทุก 6 ล้อ อีกคันที่กำลังจะออกเดินทางเย็นนี้  ถ้าท่านใดสะดวก สามารถนำสิ่งของมาร่วมกันได้ที่ออฟฟิศเอวิลอน ที่บางแคนะคะ

https://maps.app.goo.gl/HWo2JesWcVxbajDA9 

#น้ำท่วมหาดใหญ่ #โดรนส่งของ #โดรนขนส่ง #avilonrobotics",,0,"11/25/2025 23:34",N/A,https://www.facebook.com/avilonROBOTICS/posts/pfbid0csxzzdjypVJbokr7ifM5FDnLJyS6wTVS7caoDbrH5Q9RS6drKxywkYkpWdPEUY7Xl,0,0,Photos,,,,,Lifetime,2915,1112,143,111,19,13,334,177,152,5,,,,,
1233857055280829,100059696381710,avilonROBOTICS,"เปิดรับบริจาคสิ่งของช่วยเหลือผู้ประสบภัยน้ำท่วมหาดใหญ่!
.
ทีมงานเอวิลอน พร้อมโดรนขนส่ง และโดรนสำรวจ กำลังเดินทางออกเดินทางไปพื้นที่จังหวัดหาดใหญ่
.
รถอีกคันของทีมเอวิลอน พร้อมโดรน และ สิ่งของบริจาค กำลังจะออกเดินทางไปพื้นที่อำเภอหาดใหญ่ จังหวัดสงขลา เวลา 18.00 น. ของวันนี้ (26 พฤศจิกายน)
.
ตอนนี้รถ 6 ล้อที่จะไปยังมีพื้นที่ว่างอยู่ ขอเชิญผู้สนใจร่วมบริจาคสิ่งของได้ทีออฟฟิศของเอวิลอนที่ บางแค ค่ะ

https://maps.app.goo.gl/oK9dpmPE6yevKnKp8

ขอเป็นของชิ้นเล็กๆ ที่จัดส่งบนโดรนได้นะคะ เน้นน้ำหนักเบา เช่น อาหาร ยา
โดยขอรบกวนให้โทรติดต่อเข้ามาก่อน เพื่อให้ทีมงานเตรียมรับของได้ทันนะคะ ที่เบอร์ 021233830 หรือ 0989489743 หรือ  0918460439

#น้ำท่วมหาดใหญ่ #โดรนส่งของ #โดรนขนส่ง",,0,"11/25/2025 20:12",N/A,https://www.facebook.com/avilonROBOTICS/posts/pfbid0sAsVv7pVyy8w4iLWidFYRBFeRk6uQ3d4zR4Pk4x8S4oM2d8Xqvb8By8LL5Ypz5rYl,0,0,Photos,,,,,Lifetime,9666,5190,254,201,12,41,416,130,262,24,,,,,
1233333328666535,100059696381710,avilonROBOTICS,"ทีมบริษัท เอวิลอน พร้อมช่วยนำโดรนส่งของ ช่วยผู้ประสบภัยน้ำท่วมหาดใหญ่ 

เรามีโดรนที่บินได้ 5-10 กิโลเมตร 

หน่วยงานในพื้นที่ไหนที่ต้องการความช่วยเหลือสามารถติดต่อเข้ามาได้เลยค่ะ ตอนนี้ทีมงานเราเตรียมพร้อมให้ความช่วยเหลือ แต่ต้องการคนช่วยประสานงานหน้างานในพื้นที่ ว่าจะให้ทีมงานเราเข้าไปตรงไหน เข้าไปได้อย่างไร และจะให้ช่วยจุดไหนบ้างค่ะ

ถ้าใครมีข้อมูลฝากติดต่อทีมเอวิลอนมาได้เลยค่ะ

#น้ำท่วมหาดใหญ่ #โดรนขนส่ง #โดรนส่งของ",,0,"11/25/2025 03:50",N/A,https://www.facebook.com/avilonROBOTICS/posts/pfbid0TKQ2YiqXQ9VuFxcNeZKpAf8QQQhDNjA3xNMixM7Zgst2DEm95bWPJT5UZcQPVekUl,0,0,Photos,,,,,Lifetime,10027,4478,369,283,31,55,809,312,497,,,,,,
1230259725640562,100059696381710,avilonROBOTICS,"ต่อเนื่องกันเลยกับวันนี้ และพรุ่งนี้ อีก 1️⃣ วัน กับงาน Metalex 2025 พบกัน กับบูธของเรา AJ-35

มาพบ มาแวะ มาพูดคุยสไตล์ชาวคนทำคลัง กับ Photon : Inventra, Warehouse Drone สำหรับการเช็คสต็อกในคลังสินค้า 

ต้องย้ำอีกครั้งเลยกับ Avilon @ METALEX 2025 บูธ AJ-35 🎉 เท่านั้นค่ะ

ถ้าหาเราไม่เจอ สามารถโทรหาน้องฟ้าใสได้เลยค่ะ
📞 098-948-9743 (น้องฟ้าใสยินดีรับสายค่ะ 🤙)

#Avilon #PhotonInventra #WarehouseDrone #METALEX2025
#คลังสินค้าอัจฉริยะ #โดรนตรวจสต็อก #AMRNest
#AutomationSolution #SmartWarehouse #BITECBangna",,0,"11/21/2025 00:40",N/A,https://www.facebook.com/avilonROBOTICS/posts/pfbid02bKDFrEJCkZZj62kMpgmNyAyXWSPeUUnstNtvPKNnUDYtftT14C1cPJKabmWUxhRcl,0,0,Photos,,,,,Lifetime,1231,470,21,18,2,1,38,26,12,,,,,,
1229307982402403,100059696381710,avilonROBOTICS,"มาเจอ มาพบกันได้ตั้งแต่วันนี้ จนถึงวันเสาร์นี้นะคะ
ที่งาน METALEX 2025 บูธ AJ-35 🎉

ถ้าหาเราไม่เจอ สามารถโทรหาน้องฟ้าใสได้เลยค่ะ
📞 098-948-9743 (น้องฟ้าใสพร้อมช่วยเหลือค่ะ 🥰)

พบกับ Photon : Inventra – Warehouse Drone
พร้อมโซลูชันสำหรับคลังสินค้าโดยเฉพาะ

👉 Annual Stock Counting

👉 Cycle Stock Counting

และ AMR Nest โซลูชันระดับอุตสาหกรรม
สำหรับงานที่ต้องการความต่อเนื่องที่มากกว่า

ที่จะมาช่วยเรื่องความเร็ว และความปลอดภัย ในคลังสินค้าของคุณ

#Avilon #PhotonInventra #WarehouseDrone #METALEX2025
#คลังสินค้าอัจฉริยะ #โดรนตรวจสต็อก #AMRNest
#AutomationSolution #SmartWarehouse #BITECBangna",,0,"11/19/2025 19:07",N/A,https://www.facebook.com/avilonROBOTICS/posts/pfbid0363YGgY3TpJdpiY9XEvAGdCxpjQQVrnKCZAwr76LeTnWitLW2iTi7cYaThn3mBHg4l,0,0,Photos,,,,,Lifetime,2161,998,51,45,0,6,176,111,65,,,,,,
1224889532844248,100059696381710,avilonROBOTICS,"ขอบคุณ Qualcomm Technologies, Inc. ผู้จัดงาน Startup Wheel 2025 เวียดนาม  🇻🇳

ที่มอบโอกาสพิเศษให้ Avilon ได้เข้าร่วมเวทีระดับนานาชาติในเวียดนาม และ รับเลือกให้เราเป็นหนึ่งใน Top 5 ของสายผู้เข้าแข่งขัน สาขา International
_____________________

ที่มา :
🚀 Avilon Intelligence – Pioneering Autonomous Drone Solution for Smarter Warehouses 🌐 
https://www.facebook.com/share/p/1AStC8DWcY/
_____________________

Avilon ขอขอบคุณ Qualcomm, คณะกรรมการผู้ทรงคุณวุฒิ, และการต้อนรับอย่างอบอุ่นจากทุกภาคส่วนในเวียดนาม ที่ให้โอกาส Avilon ได้ขึ้นเวทีระดับนานาชาติ กับ Warehouse Drone Solution และการแลกเปลี่ยนมุมมอง และเรียนรู้ประสบการณ์ใหม่ ๆ ในด้านนวัตกรรมโดรนและโลจิสติกส์

Avilon มุ่งมั่นพัฒนาเทคโนโลยีโดรนอัจฉริยะ เพื่อช่วยให้ผู้ใช้งานทำงานได้ รวดเร็ว ปลอดภัย และมีประสิทธิภาพมากขึ้น นี่คืออีกก้าวสำคัญของเราในการสร้างสรรค์นวัตกรรม และต่อยอดสู่ตลาดภูมิภาคและระดับนานาชาติ

#Avilon #StartupWheel2025 #WarehouseDrone #PhotonDrone #PhotonNest #MSI #AMR #AvilonRobotics #AvilonIntelligence #DroneTechnology #SmartWarehouse #AI #Automation #Innovation #VietnamTech",,0,"11/13/2025 21:00",N/A,https://www.facebook.com/avilonROBOTICS/posts/pfbid02gywA6G3q9RqGLRymhmA9ehAFBTcTjePBfdUjLbyKaUkPEtUKSMvWu8qpKUCZRr9fl,0,0,Photos,,,,,Lifetime,889,396,16,14,0,2,62,46,16,,,,,,
1224029436263591,100059696381710,avilonROBOTICS,"พบกับ Avilon และ Photon : Inventra Warehouse Drone ที่งาน METALEX 2025!

📍 19–22 พฤศจิกายน 2025
📍 BITEC Convention Center, Bangna
📍 บูธ AJ35, Hall 98

พบกับ Solution ใหม่ๆ สำหรับคลังสินค้าของคุณจากในงานนี้ 
📦 Photon Inventra โดรนตรวจนับสต็อคในคลังสินค้าอัตโนมัติ 
📦 AMR Landing Dock, ฐานลงจอดเคลื่อนที่อัตโนมัติ 
📦 Avilon WMS แพลตฟอร์มแสดงผลการสแกนจากโดรน สำหรับการบริหารคลังสินค้า

แล้วพบกันนะคะ 😁ที่ ไบเทค, บางนา ! 

#Avilon #PhotonInventra #WarehouseDrone #METALEX2025 #คลังสินค้าอัจฉริยะ #โดรนตรวจสต็อก #AMRNest #AutomationSolution #SmartWarehouse #BITECBangna",,0,"11/12/2025 18:00",N/A,https://www.facebook.com/avilonROBOTICS/posts/pfbid047PA3c69QM87Bh9YHw3bLVFjZiFwXerKHbjEei8GV6Ki9z2oxr6boga5rSHCgAWCl,0,0,Photos,,,,,Lifetime,13397,7971,404,375,11,18,283,12,213,58,,,,,
1212518600748008,100059696381710,avilonROBOTICS,"เอวิลอน โรโบทิคส์ ร่วมกับ บริษัท การบินกรุงเทพ จำกัด (มหาชน) #BangkokAir ในการขับเคลื่อนการขนส่งทางอากาศยุคใหม่ของประเทศไทย กับภารกิจการสาธิตการบินโดรนขนส่งสินค้าระหว่างเกาะสมุย – เกาะแตน จ. สุราษฎร์ธานี

บริษัท โทรคมนาคมแห่งชาติ จำกัด (มหาชน) (NT) ร่วมกับ สำนักงานการบินพลเรือนแห่งประเทศไทย (CAAT) จัดงานแถลงข่าว “การขนส่งทางอากาศยุคใหม่ด้วยโดรน” (The New Era of Drone Delivery) เพื่อแสดงศักยภาพการใช้เทคโนโลยีอากาศยานไร้นักบิน (โดรน) ในการขนส่งสินค้าจริง พร้อมสาธิตระบบบริหารจัดการจราจรทางอากาศ (UTM) ที่ปลอดภัยและได้มาตรฐาน

โอกาสนี้ เอวิลอนได้สาธิตภารกิจการขนส่งอาหารและเครื่องดื่ม จากเกาะสมุย ไปยังเกาะแตน เพื่อแสดงถึงแนวทางการนำโดรนขนส่งไปใช้ สำหรับการให้บริการ  Last-Mile Delivery ซึ่งสามารถขนส่งสินค้าได้อย่างรวดเร็ว มีประสิทธิภาพ และสร้างประสบการณ์ที่ดีให้กับผู้ใช้งาน

ภารกิจนี้มีระยะทางไป–กลับราว 10 กิโลเมตร โดย โดรน EX ของเอวิลอน สามารถส่งอาหารถึงปลายทางได้ภายในเวลาเพียง 5 นาที ขณะที่การเดินทางด้วยเรือโดยปกติจะใช้เวลาราว 40 นาที ซึ่งเป็นตัวอย่างจริงที่แสดงศักยภาพของเทคโนโลยีโดรนในการช่วยเสริมประสิทธิภาพการขนส่ง ลดข้อจำกัดด้านเวลาและภูมิประเทศ 

เพื่อยกระดับคุณภาพชีวิตของผู้คน และสร้างโอกาสใหม่ให้กับระบบโลจิสติกส์ของประเทศอย่างแท้จริง

เอวิลอน ขอขอบคุณ
🙏 สำนักงานการบินพลเรือนแห่งประเทศไทย (CAAT)
🙏 บริษัท โทรคมนาคมแห่งชาติ จำกัด (มหาชน) (NT)
ที่มอบโอกาสให้เราได้เป็นส่วนหนึ่งในการสาธิตและขับเคลื่อนระบบนิเวศโดรนของประเทศไทย

และขอขอบคุณอย่างยิ่ง
💙 บริษัท การบินกรุงเทพ จำกัด (มหาชน) ที่เป็นผู้สนับสนุนหลักของเราในภารกิจนี้ครั้งนี้
♥️ Villa Market ที่ให้การสนับสนุนโปรเจกต์โดรนสำหรับการขนส่งมาอย่างต่อเนื่อง

เราจะยังคงมุ่งมั่นพัฒนาเทคโนโลยีโดรนเพื่อการใช้งานเชิงพาณิชย์อย่างปลอดภัย มีประสิทธิภาพและสร้างประโยชน์อย่างยั่งยืนให้กับสังคมไทย

#BangkokAirways #VillaMarket #CAAT #NT #AvilonRobotics #DeliveryDrone #lastmiledelivery  #DroneEcosystem #SmartLogistics",,0,"10/29/2025 20:03",N/A,https://www.facebook.com/avilonROBOTICS/posts/pfbid0256psvzBSJ8P21vZwFELKP8zfG24S7ks4HFj1vu6JDvtGZoHTzDKfxE6KsFuUm1L4l,0,0,Photos,,,,,Lifetime,2214,804,102,91,7,4,393,178,215,,,,,,
1195724019094133,100059696381710,avilonROBOTICS,"✈️ Sighter Compact Drone @ Taipei

ก้าวสู่เวทีป้องกันประเทศและอุตสาหกรรมการบินระดับเอเชีย แสดงศักยภาพกับโดรน Sighter ที่ออกมาเพื่อภารกิจลาดตระเวนและงานทางยุทธวิธี

Avilon เข้าร่วมจัดบูธใน TADTE 2025 ที่ไทเป, ไต้หวัน
เราได้เปิดตัวโดรนรุ่นใหม่  Sighter ขนาด Compact ที่สามารถพับแขน และพกพาได้ 

พร้อมระบบป้องกันการชนรอบตัว 6 ทิศทาง สามารถปฏิบัติงานโดยไม่ใช้สัญญาณ GPS และระบบ Flight Control ที่ทาง Avilon เป็นเจ้าของเอง ซึ่งสามารถป้องกันการถูก Jamming ได้

โดรนติดตั้งกล้องคู่ RGB ความละเอียดสูง และ กล้องจับภาพความร้อน เหมาะสำหรับภารกิจลาดตระเวนและตรวจสอบพื้นที่ทั้งในและนอกอาคาร 

โดรนสามารถควบคุมและติดตามสถานะได้จาก Control Center ทำให้เจ้าหน้าที่ปฏิบัติงานได้อย่างปลอดภัยจากพื้นที่นอกปฏิบัติการ ผ่านเครือข่าย 4G/5G และดาวเทียม

นอกจากนี้ Avilon ยังนำเสนอ Mobile Autonomous Drone Charging Robot (AMR + Photon Nest) ผสานสถานีชาร์จอัตโนมัติกับหุ่นยนต์เคลื่อนที่อัตโนมัติ ร่วมกับ MSI
ช่วยให้โดรนทำงานต่อเนื่อง ลดต้นทุน และเพิ่มความยืดหยุ่นในการจัดการคลังสินค้า

TADTE 2025 (Taipei Aerospace & Defense Technology Exhibition) งานแสดงเทคโนโลยีการบิน อวกาศ และป้องกันประเทศระดับนานาชาติของไต้หวัน จัดโดย TAITRA เป็นเวทีรวมผู้นำอุตสาหกรรมและผู้เชี่ยวชาญด้านระบบไร้คนขับจากทั่วโลก

การเข้าร่วมงานครั้งนี้เป็นโอกาสสำคัญที่ Avilon ได้สร้างเครือข่ายความร่วมมือ และต่อยอดเทคโนโลยีโดรนสำหรับงานยุทธวิธีสู่ตลาดภูมิภาคและนานาชาติ

#Avilon #SighterDrone #TADTE2025 #TaipeiAerospaceDefense #AvilonRobotics #AvilonIntelligence
#DefenseTechnology #UnmannedSystems #IndoorDrone #HighResCamera #ThermalCamera #DroneTechnology #DefenseInnovation #AMR #PhotonNest #GlobalExpansion",,0,"10/10/2025 04:31",N/A,https://www.facebook.com/avilonROBOTICS/posts/pfbid027xpqo3NsR97TfYuwp8QWkWkTCkMBVNfmXu9kShXs6R5V1NH2kR2AzUP4nmjf7G4pl,0,0,Photos,,,,,Lifetime,1530,597,44,37,2,5,155,97,58,,,,,,
1192834072716461,100059696381710,avilonROBOTICS,"🚀 Avilon @ Ho Chi Minh
เอวิลอน เปิดประตูสู่เวทีนวัตกรรมแห่งอาเซี่ยน
อีกก้าวสู่การขยายเทคโนโลยีโดรนจากเอวิลอนสู่ตลาดโลก ผ่านงานใหญ่แห่งปี ณ เวียดนาม 🇻🇳

Qualcomm Vietnam Innovation Challenge 2025 (QVIC 2025) เป็นเวทีระดับนานาชาติที่จัดขึ้นโดย Qualcomm ซึ่งเป็นบริษัทผู้ผลิตชิประดับโลก ร่วมกับ กระทรวงวิทยาศาสตร์และเทคโนโลยีเวียดนาม
เพื่อส่งเสริมสตาร์ทอัพด้านเทคโนโลยีในภูมิภาคเอเชีย และเปิดโอกาสในการขยายตลาดด้านเทคโนโลยีในเวียดนาม 🌏✨

QVIC 2025 ครั้งนี้จัดขึ้นที่ นครโฮจิมินห์ ประเทศเวียดนาม
ซึ่งเป็นหนึ่งในกิจกรรมสำคัญภายใต้กรอบงาน InnoEx 2025 — งานแสดงนวัตกรรมและเทคโนโลยีครั้งใหญ่ของเวียดนาม 🇻🇳💡

ในปีนี้ทางทีม Avilon ได้รับเกียรติจาก Qualcomm ให้เข้าร่วมเวที QVIC 2025
นับเป็นโอกาสสำคัญที่เราได้นำเสนอเทคโนโลยี Warehouse Drone Solution
ซึ่งแสดงให้เห็นศักยภาพของระบบโดรนอัตโนมัติในการยกระดับประสิทธิภาพงานคลังสินค้า
และเป็นหนึ่งในนวัตกรรมที่มีความเป็นไปได้สูงในการเติบโตในตลาดนานาชาติ 🌐

นอกจากนี้ ทีม Avilon ยังสามารถ ผ่านเข้ารอบ 5 ทีมสุดท้าย ในการแข่งขัน Startup Wheel Pitching จากผู้เข้าร่วมกว่า 30 บริษัท ซึ่งเป็นอีกหนึ่งความสำเร็จที่สะท้อนศักยภาพและคุณภาพของนวัตกรรมของเรา 🎉

การได้เข้าร่วมเวทีนี้ ไม่เพียงทำให้ Avilon ได้เผยแพร่นวัตกรรมของเราในตลาดเวียดนาม
แต่ยังได้รับมุมมองอันมีค่าจากคณะกรรมการผู้ทรงคุณวุฒิด้านเทคโนโลยีของประเทศเจ้าบ้าน
ซึ่งช่วยให้เราเข้าใจทิศทางและโอกาสของตลาดเทคโนโลยีในเวียดนามได้ชัดเจนยิ่งขึ้น 🤝

ประสบการณ์ในครั้งนี้เป็นอีกก้าวสำคัญที่ผลักดันให้ Avilon เดินหน้าขยายตลาดต่อไป
ไม่เพียงในเวียดนาม แต่ยังรวมถึงประเทศอื่น ๆ ในภูมิภาคอย่างต่อเนื่อง 💪✨

ขอขอบคุณบริษัท Qualcomm  ที่มอบโอกาสให้เราได้เป็นส่วนหนึ่งของเวทีนวัตกรรมระดับนานาชาติในครั้งนี้ 🙏

#Avilon #QVIC2025 #Qualcomm #QualcommVietnamInnovationChallenge #InnoEx2025 #WarehouseDrone #TechInnovation #DroneTechnology  #GlobalExpansion #HoChiMinh #VietnamTech #InnovationJourney
#AvilonRobotics #Avilonintelligence #Photon #WarehouseDrone",,0,"10/07/2025 04:10",N/A,https://www.facebook.com/avilonROBOTICS/posts/pfbid0haE9m7wE5vRnsX3AHxdBzimD5MaYH9NB7HhEQ5WHoxwixgFsYe4jVRWefLVAF51Pl,0,0,Photos,,,,,Lifetime,984,423,21,18,0,3,112,67,45,,,,,,
1189237449742790,100059696381710,avilonROBOTICS,"ในยุคที่ซัพพลายเชนต้องขับเคลื่อนด้วยความรวดเร็วและแม่นยำ องค์กรที่สามารถเพิ่มประสิทธิภาพการจัดการคลังสินค้าได้มากกว่า ย่อมสร้างความได้เปรียบทางการแข่งขัน

Drone Solution คือบทพิสูจน์สำคัญ ในการปรับปรุงกระบวนการตรวจนับสต๊อกและการบริหารพื้นที่ในคลังสินค้าขนาดใหญ่

องค์กรธุรกิจคลังสินค้าชั้นนำได้พิสูจน์แล้วว่า โดรนสามารถยกระดับการทำงานได้อย่างชัดเจน ทั้งในด้านประสิทธิภาพและความปลอดภัย เพื่อยกระดับมาตรฐานการปฏิบัติงานของระบบโลจิสติกส์ และเตรียมพร้อมสำหรับการแข่งขันในอนาคต

Photon Drone Solution: Transforming Warehouse Management
✨ลดเวลาการตรวจนับสต๊อกจากวิธีเดิม ๆ ได้ถึง 4 เท่า
✨ลดความเสี่ยงจากการทำงานบนพื้นที่สูง
✨ระบุปัญหาสต๊อกที่ไม่ตรงได้อย่างรวดเร็ว

หากต้องการยกระดับการจัดการคลังสินค้าด้วยโดรน
Photon Warehouse Drone Solution จาก Avilon Robotics
พร้อมให้คำปรึกษา คำแนะนำ และสาธิต Demo ได้ทันที

📍 ให้บริการได้ทุกคลังสินค้า
📞 ติดต่อ : 098-948-9743 (น้องฟ้าใส)

#WarehouseDrone #InventoryDrone #indoordrone #photon #avilonrobotics #dronesolutions #warehouse #InventoryManagement #คลังสินค้า #โกดังเก็บของ #AMR #WMS #SmartWarehouse #SupplyChainInnovation #LogisticsAutomation #DroneTechnology #WarehouseAutomation #WarehouseEfficiency #InventoryControl #IndustrialDrone #MaterialHandling #AutomationSolutions #FutureWarehouse #WarehouseTech #DigitalWarehouse #AssetTracking

ขอขอบคุณภาพจาก
The Nation, SM Magazine, DKSH Thailand",,0,"10/03/2025 03:03",N/A,https://www.facebook.com/avilonROBOTICS/posts/pfbid0oU48WEci3P5g6HWMa3FHArdimajYUg2aQwqHwJzpDrDavzxNmLhZYWxs1Xk1Ls4ml,0,0,Photos,,,,,Lifetime,1594,671,60,55,0,5,122,68,54,,,,,,
1141709284495607,100059696381710,avilonROBOTICS,"📣 ขอเชิญประชาชนร่วมแจ้งเบาะแส ""โดรนต้องสงสัย"" ผ่านระบบ https://www.thaiseesky.com/
เพื่อความปลอดภัยของประเทศชาติและความมั่นคงของประชาชนทุกคน
หากท่านพบเห็น โดรน (อากาศยานไร้คนขับ) ที่บินเข้ามาในพื้นที่โดย ไม่ได้รับอนุญาต เช่น

เขตหวงห้ามใกล้สนามบิน

พื้นที่ราชการหรือพื้นที่ทหาร

พื้นที่ชุมชนหนาแน่น

หรือ พื้นที่ชายแดนไทย–กัมพูชา

ขอความร่วมมือจากพี่น้องประชาชนในพื้นที่ ช่วยกันเก็บข้อมูลและแจ้งเหตุ ผ่านระบบ Thaiseesky
เพื่อให้หน่วยงานที่เกี่ยวข้องสามารถตรวจสอบ วิเคราะห์ และวางแผนรับมือกับภัยคุกคามทางอากาศได้อย่างเป็นระบบ

📥 โปรดแจ้งข้อมูลประกอบให้ครบถ้วน ดังนี้
• 📍 สถานที่เกิดเหตุ
• 📷 แนบภาพถ่าย หรือคลิปวิดีโอ
• 🛸 รายละเอียดลักษณะของโดรน (เช่น ขนาด สี รูปทรง หรือเสียงที่ได้ยิน)
🎥 ขั้นตอนการถ่ายวิดีโอเบื้องต้น เพื่อใช้เป็นหลักฐาน

เพื่อให้ข้อมูลที่ท่านแจ้งมีประสิทธิภาพสูงสุด กรุณาถ่ายวิดีโอตามแนวทางดังนี้:

• ถ่ายให้เห็น โดรนอยู่กลางจอ เท่าที่ทำได้ ไม่ว่าจะเป็นดวงไฟ หรือ รูปร่าง ชัดเจนที่สุดจากระยะปลอดภัย พร้อม สภาพแวดล้อม/ภูมิประเทศโดยรอบ
• ใช้การถ่ายแนวระดับจากซ้ายไปขวา และกวาดกล้องขึ้น–ลงเท่าที่จำเป็น
• ถ่ายให้นานที่สุดเท่าที่เห็นว่าปลอดภัย จนโดรนลับสายตา หรือลับมุมกล้อง
• หลีกเลี่ยงการถ่าย “เซลฟี่” หรือให้เห็นหน้าตนเอง
• หลีกเลี่ยงการกวาดกล้องเร็วเกินไป เพราะอาจทำให้ภาพสั่นหรือมองไม่เห็นรายละเอียด

โปรดใช้ความระมัดระวังขณะถ่ายวิดีโอ และอย่าเข้าใกล้โดรนโดยไม่จำเป็น

🔍 ทำไมการแจ้งข้อมูลของคุณจึงสำคัญ?
ข้อมูลจากประชาชนจะช่วยให้หน่วยงานด้านความมั่นคง มีฐานข้อมูลเพียงพอ
ในการศึกษาประเภทและพฤติกรรมของโดรนที่บินในพื้นที่ชายแดนหรือเขตหวงห้าม
เพื่อใช้พัฒนา ระบบจัดการโดรนในระยะยาวอย่างมีประสิทธิภาพ

การจัดการโดรนด้วยตัวเอง เช่น ใช้เลเซอร์ หรืออาวุธยิงโดรน
อาจก่อให้เกิดอันตรายต่อประชาชน เครื่องบินโดยสาร หรือแม้แต่เจ้าหน้าที่ของเราเอง

เมื่อโดรนบินขึ้น ก็ต้องมีจุดลง หากพบ จุดที่โดรนลงจอด
ก็อาจเป็นเบาะแสในการระบุตัวผู้ควบคุม หรือใช้ สืบย้อนรอยเพื่อนำไปสู่การดำเนินคดีภายหลัง ได้

🛡️ ร่วมเป็นส่วนหนึ่งในการปกป้องประเทศ
https://www.thaiseesky.com/ เป็นศูนย์กลางรวบรวมข้อมูลจากประชาชน
เพื่อส่งต่อให้หน่วยงานที่เกี่ยวข้อง เช่น กพท. (CAAT) และ ฝ่ายความมั่นคง
ใช้ดำเนินการตรวจสอบและบังคับใช้กฎหมายต่อผู้กระทำผิด

ทุกข้อมูลของท่าน คือพลังในการป้องกันประเทศชาติจากภัยคุกคามยุคใหม่
📲 แจ้งเหตุได้ทันทีที่ www.thaiseesky.com",,0,"08/04/2025 01:45",N/A,https://www.facebook.com/avilonROBOTICS/posts/pfbid0baHQiBiATaE9zpaJGEViypHZAKp3HfF6wLFuuyxHLBa921qaTXDrtNkkfQdtWMFol,0,0,Photos,,,,,Lifetime,9684,4203,224,151,12,61,235,21,167,47,,,,,
1137470918252777,100059696381710,avilonROBOTICS,"🎉 Proudly Announce! Avilon x MSI
Avilon Robotics ประกาศความร่วมมือกับ MSI แบรนด์เทคโนโลยีระดับโลก

เพื่อร่วมพัฒนา “โดรนสำหรับใช้งานภายในอาคาร” โดยผสานจุดแข็งของระบบนำทาง AMR (Autonomous Mobile Robot) และ เทคโนโลยี Flight Control สู่โซลูชันโลจิสติกส์แห่งอนาคต — ลดต้นทุน เพิ่มความเร็ว และยกระดับความปลอดภัยในคลังสินค้า

ความร่วมมือครั้งนี้เกิดจากการลงนาม MOU ระหว่าง Avilon Robotics และ Micro-Star International (MSI) โดยมีเป้าหมายชัดเจน:

- พัฒนาเทคโนโลยีที่ช่วย นับสต็อกในที่สูง
- ตรวจสอบเครื่องจักรในพื้นที่เสี่ยง|
- ทำให้การจัดการคลังสินค้าแม่นยำขึ้น รวดเร็ว ด้วยระบบอัตโนมัติที่ฉลาดและปลอดภัยกว่าเดิม

ทั้งสองบริษัทเชื่อมั่นในอนาคตของหุ่นยนต์อัตโนมัติหลากหลายมิติ ระบบนำทางด้วยภาพขั้นสูง และ AI ที่สามารถวิเคราะห์และตัดสินใจได้แบบ real-time เพื่อตอบโจทย์อุตสาหกรรมยุคใหม่ที่ต้องการทั้งความเร็ว ความแม่นยำ และความปลอดภัยสูงสุด

Avilon ภูมิใจที่ได้เป็นสะพานเชื่อมเทคโนโลยีระดับโลก เพื่อผลักดันอุตสาหกรรมไทยให้เติบโตอย่างแข็งแรงและยั่งยืน
 
#AvilonxMSI #AvilonRobotics #MSI #SmartLogistics #AMR #SmartWarehouse #IndustrialDrone #เทคโนโลยีไทย #โซลูชัน #FutureOfLogistics",,0,"07/29/2025 18:08",N/A,https://www.facebook.com/avilonROBOTICS/posts/pfbid02kCuG1zWtfzmpzrKYAthtbejw1sSDtiCgJsRS8FRFgW6FdB3Tzo5ggwyvcWefygLkl,0,0,Photos,,,,,Lifetime,4352,1693,213,171,29,13,196,21,175,,,,,,
1108465764486626,100059696381710,avilonROBOTICS,"บริษัท เอวิลอน โรโบทิคส์ จำกัด ร่วมมือกับคณะโลจิสติกส์ มหาวิทยาลัยบูรพา วิจัยและพัฒนาเทคโนโลยีโดรนเพื่ออนาคตโลจิสติกส์ไทย

ดร.ธนากร ทรัพย์สุขบวร ประธานเจ้าหน้าที่บริหาร บริษัท เอวิลอน โรโบทิคส์ จำกัด — ผู้ให้บริการ โดรนด้านโลจิสติกส์ชั้นนำของประเทศไทย — ได้ลงนามในบันทึกข้อตกลงความร่วมมือกับ คณะโลจิสติกส์ มหาวิทยาลัยบูรพา โดยมี ผู้ช่วยศาสตราจารย์ ดร.ไพโรจน์ เร้าธนชลกุล คณบดีคณะโลจิสติกส์ และ รองศาสตราจารย์ ดร.ณกร อินทร์พยุง ที่ปรึกษาคณบดีฯ ร่วมลงนาม

วัตถุประสงค์หลักของความร่วมมือครั้งนี้ คือการวิจัย ทดสอบ และพัฒนาเทคโนโลยีระบบอากาศยานไร้คนขับ (UAV) สำหรับการประยุกต์ใช้ในภาคอุตสาหกรรมโลจิสติกส์ไทย เช่น โดรนส่งของ โดรนสำหรับการจัดการคลังสินค้า ฯลฯ

เอวิลอนมีความยินดีอย่างยิ่งที่ได้ แบ่งปันองค์ความรู้และประสบการณ์จริง จากภาคอุตสาหกรรมสู่ภาคการศึกษา เพื่อร่วมกันผลักดันการวิจัยและพัฒนาเทคโนโลยี UAV ของไทย ให้ก้าวล้ำยิ่งขึ้น

ความร่วมมือนี้ไม่เพียงเน้นการพัฒนาเทคโนโลยีเท่านั้น แต่ยังเป็นการ เปิดโอกาสให้นักศึกษาและบุคลากรได้เรียนรู้จากเทคโนโลยีจริง เพิ่มพูนทักษะ พร้อมยกระดับความพร้อมสู่การทำงานในอุตสาหกรรม hi-tech โดยเฉพาะด้านคลังสินค้าและระบบโลจิสติกส์ยุคใหม่

เอวิลอนมุ่งมั่นที่จะ พัฒนานวัตกรรมโดรนที่ตอบโจทย์การใช้งานจริงในภาคอุตสาหกรรมไทย ด้วยเป้าหมายเพื่อยกระดับขีดความสามารถในการแข่งขัน ลดต้นทุน เพิ่มประสิทธิภาพ และสร้างมาตรฐานใหม่ด้านความแม่นยำ ความปลอดภัย พร้อมผลักดันให้กลายเป็น รากฐานสำคัญของระบบโลจิสติกส์แห่งอนาคต ทั้งในระดับประเทศและระดับสากล

#avilonROBOTICS #BUULOG #NDrive 
#LogisticsDrone #SmartWarehouse #LogisticsInnovation #indoordrone
#DroneTechnology
#โลจิสติกส์",,0,"06/21/2025 03:50",N/A,https://www.facebook.com/avilonROBOTICS/posts/pfbid0Cd8396tLQMPiQioerMoNTFFV6wNX1kguaQ4xWWCEuUQbxxgUvmG7bvZTn5m5PFDZl,0,0,Photos,,,,,Lifetime,2242,1039,88,78,6,4,146,89,57,,,,,,
1090386372961232,100059696381710,avilonROBOTICS,"✨Advanced Drone-Powered, Powerline Inspections
บริการตรวจสอบเสาไฟฟ้าด้วยกล้องจับความร้อน (Thermal Scan) และภาพถ่าย RGB ความละเอียดสูง

ตรวจสอบอุปกรณ์บนเสาไฟฟ้าแบบครบวงจร ด้วยโดรน AXON ที่ติดตั้งกล้องคู่ (Dual Camera) ทั้ง Thermal และ RGB ความละเอียดสูง เห็นทุกมุมของเสา ตรวจทุกจุดของอุปกรณ์ — รวดเร็ว ปลอดภัย และแม่นยำ

🔍 ตรวจพบจุดความร้อนผิดปกติ ก่อนเกิดความเสียหายร้ายแรง
✅ วิเคราะห์รอยร้าว การสึกหรอ หรือสิ่งผิดปกติจากภาพมุมสูง ด้วยกล้อง RGB และ Thermal Scan
✅ สนับสนุนการวางแผนซ่อมบำรุง ลดค่าใช้จ่ายจากการซ่อมฉุกเฉิน
✅ เพิ่มความปลอดภัย ลดความเสี่ยงจากอุบัติเหตุ
✅ มีแพลตฟอร์มแสดงผลภาพและข้อมูลที่เข้าใจง่าย เห็นภาพรวมได้ดีกว่ารายงานทั่วไป

👷‍♂️ ดำเนินการโดยทีมงานมืออาชีพ
มีประสบการณ์บินตรวจสอบในพื้นที่สูง พร้อมบริการการวางแผนภารกิจ และขออนุญาตบินอย่างถูกต้องตามกฎหมาย
พร้อมรายงานผลจากผู้เชี่ยวชาญที่ได้รับการรับรอง Certified Infrared Thermographer – Level I
มีผลงานที่พิสูจน์แล้วทั้งในหน่วยงานภาครัฐและภาคเอกชน

#ตรวจสอบเสาไฟฟ้า #โดรน #กล้องความร้อน #ThermoScan #ThermoInspection #PowerlineInspection #DroneInspection #การไฟฟ้า #ตรวจเสาไฟ #ตรวจความร้อน

#AvilonRobotics #AXON #AXONInspectionDrone",,0,"05/27/2025 04:10",N/A,https://www.facebook.com/avilonROBOTICS/posts/pfbid0eSq3VFgUDva7bYbgbB9wjMCcSPDZYrqAud6nNuqGLMw2oFpz2gDfWYG1qrGeXHAYl,0,0,Photos,,,,,Lifetime,1088,449,19,19,0,0,62,47,15,,,,,,
1077421997591003,100059696381710,avilonROBOTICS,"🎉 Avilon on Live TV! 🚁
ขอขอบพระคุณสื่อมวลชนที่ให้ความสนใจและนำเสนอข่าว
การสาธิตการทดลองบินโดรนขนส่ง โดย สำนักงานการบินพลเรือนแห่งประเทศไทย (CAAT)

ที่มอบโอกาสให้เรา บริษัท เอวิลอน โรโบทิคส์ จำกัด
ได้นำเสนอการสาธิตด้วย โดรน Gryphon EX พร้อมด้วยทีมปฏิบัติการมืออาชีพของเรา 
ณ UAV Regulatory Sandbox วังจันทร์วัลเลย์ จังหวัดระยอง
เมื่อวันที่ 25 เมษายน 2568 ที่ผ่านมา

📍 โดยมีพี่ ๆ สื่อมวลชนที่ได้นำเสนอข่าว ไม่ว่าจะเป็น
📺 สำนักข่าวไทย TNAMCOT (MCOT)
📺 3PlusNews
  • เรื่องเด่นเย็นนี้ (เสาร์–อาทิตย์)
  • Greenomics เศรษฐกิจสีเขียว
📺 TNN 16 News ข่าวภาคค่ำ
📺 NATION
รวมถึงสื่อช่องทางอื่น ๆ ที่เราไม่สามารถกล่าวได้หมดในโพสต์นี้ 🙇

🙏 การสนับสนุนของสื่อมวลชนมีบทบาทสำคัญในการผลักดันนวัตกรรม
และเสริมสร้างความเข้าใจเกี่ยวกับ ศักยภาพของเทคโนโลยีโดรนเพื่อการขนส่งในประเทศไทย

พวกเราขอขอบคุณทุกท่านอีกครั้งที่ร่วมเป็นส่วนหนึ่ง
ในการขับเคลื่อนอนาคตของการขนส่งทางอากาศในประเทศไทย 🇹🇭

#AvilonRobotics #CAAT #โดรนขนส่ง #อากาศยานไร้คนขับ #DroneDelivery #ThaiDrone #dronethailand",,0,"05/08/2025 03:47",N/A,https://www.facebook.com/avilonROBOTICS/posts/pfbid0RpMgTCK9VDf9g2us3nuAWKKSbPREuNzAQJ9SPAPdjtVJPz2BRQ61tE9TbGiUG3Q7l,0,0,Photos,,,,,Lifetime,2139,937,76,66,6,4,182,109,73,,,,,,
1068730101793526,100059696381710,avilonROBOTICS,"25 เมษายน 2568 – เอวิลอน โรโบทิคส์ สาธิตการปฏิบัติการบิน “โดรนขนส่ง” ณ UAV Regulatory Sandbox วังจันทร์วัลเลย์

บริษัท เอวิลอน โรโบทิคส์ จำกัด ได้เข้าร่วมงานแถลงข่าว ""การขับเคลื่อนอุตสาหกรรมอากาศยานซึ่งไม่มีนักบิน"" ซึ่งจัดโดยสำนักงานการบินพลเรือนแห่งประเทศไทย (CAAT) นำโดย พลอากาศเอก มนัท ชวนะประยูร ผู้อำนวยการสำนักงานการบินพลเรือนแห่งประเทศไทย พร้อมสาธิตการปฏิบัติการบินโดรนขนส่ง (Delivery Drone) ณ UAV Regulatory Sandbox วังจันทร์วัลเลย์ จังหวัดระยอง

บริษัท เอวิลอน โรโบทิคส์ จำกัด เป็นบริษัทชั้นนำของไทยในการพัฒนา ผลิต และให้บริการอากาศยานไร้คนขับประเภทต่างๆ ทั้งโดรนขนส่ง โดรนสำรวจ โดรนรักษาความปลอดภัย และโดรนสำหรับคลังสินค้า โดยเป็นเจ้าของเทคโนโลยีโดรนทั้งระบบซอฟต์แวร์และฮาร์ดแวร์อย่างครบวงจร ซึ่งนับเป็นอุตสาหกรรมไฮเทคที่มีความสำคัญในโลกยุคปัจจุบันและอนาคต

ในด้านโดรนขนส่ง เอวิลอน เป็นผู้นำด้านการให้บริการโดรนขนส่งด้วยประสบการณ์การให้บริการที่หลากหลาย อาทิ การให้บริการขนส่งสินค้าอุปโภคบริโภคที่จังหวัดภูเก็ต โดยเปิดให้บริการทดสอบการขนส่งสินค้าแบบประจำระหว่าง วิลล่า มาร์เก็ท ไปยังโครงการชัมบาลา แกรนด์ วิลล่า ของบริษัท โบ๊ทพัฒนา จำกัด ซึ่งช่วยให้ลูกค้าของวิลล่า มาร์เก็ทได้รับสินค้าอย่างรวดเร็ว สร้างประสบการณ์ที่ดี และส่งเสริมการท่องเที่ยวในพื้นที่

นอกจากนี้ บริษัท เอวิลอน โรโบทิคส์ ยังร่วมมือกับโรงพยาบาลพยัคฆภูมิพิสัย จังหวัดมหาสารคาม ในการให้บริการขนส่งยาและเวชภัณฑ์สำหรับผู้ป่วยที่รับการรักษาผ่านระบบการแพทย์ทางไกลแบบ Virtual OPD ที่สถานีสุขภาพใกล้บ้าน โครงการนี้ช่วยลดความแออัดในโรงพยาบาล ประหยัดค่าใช้จ่ายในการเดินทางของผู้ป่วย และเพิ่มความรวดเร็วในการรับยาและเวชภัณฑ์ โดยทั้งสองโครงการได้รับทุนสนับสนุนจากหน่วยบริหารและจัดการทุนด้านการเพิ่มความสามารถในการแข่งขันของประเทศ (บพข.) ภายใต้สภานโยบายการอุดมศึกษา วิทยาศาสตร์ วิจัยและนวัตกรรมแห่งชาติ (สอวช.)

ในการสาธิตครั้งนี้ ทีมเอวิลอนได้ใช้โดรนรุ่น Gryphon EX ซึ่งพัฒนาโดยคนไทย และได้รับการรับรองมาตรฐาน Made in Thailand โดยสภาอุตสาหกรรมแห่งประเทศไทย ทำการสาธิตการขนส่งหลากหลายรูปแบบ ทั้งการนำส่งกล่องปฐมพยาบาล (First Aid Kit) ซึ่งบรรจุยาและเวชภัณฑ์ และสาธิตการขนส่งสินค้าและเครื่องดื่มผลไม้ แสดงให้เห็นถึงความรวดเร็ว ความเสถียร และความหลากหลายในการประยุกต์ใช้โดรนขนส่ง

#CAAT #สำนักงานการบินพลเรือนแห่งประเทศไทย #เอวิลอนโรโบทิคส์ #AvilonRobotics #โดรนขนส่ง #DeliveryDrone #โดรนไทย #UAVSandbox #วังจันทร์วัลเลย์ #การบินพลเรือน #เทคโนโลยีไทย #นวัตกรรมไทย #MadeInThailand #โดรนเพื่อการขนส่ง #AviationIndustry #SmartLogistics #FutureOfLogistics #DroneDelivery",,0,"04/26/2025 02:49",N/A,https://www.facebook.com/avilonROBOTICS/posts/pfbid0zG3gjvksTV29ejpkzPvBsczA539CkhNNYBTUL4dCvfknCdJbWDrz8BiquWUr7iqhl,0,0,Photos,,,,,Lifetime,3732,1432,172,160,1,11,346,236,109,1,,,,,
